t,orientation_mode,track_body,orientation_body,jaw_mode,rpy_mode,rpy_input_method,master_yaw_axis,master_pitch_axis,master_roll_axis,sigma_x,sigma_y,sigma_z,target_x,target_y,target_z,tip_x,tip_y,tip_z,err_m,ori_err_norm,ins_q,ins_ctrl,ins_lag,jaw_deg,jaw_target,jaw_ctrl,freq_khz,rpy_in_yaw_deg,rpy_in_pitch_deg,rpy_in_roll_deg,rpy_tgt_yaw,rpy_tgt_pitch,rpy_tgt_roll,rpy_q_yaw,rpy_q_pitch,rpy_q_roll,rpy_bias_yaw,rpy_bias_pitch,ctrl_yaw,ctrl_pitch,ctrl_insertion,ctrl_roll,ctrl_wrist_pitch,ctrl_wrist_yaw
26143.070052,split,tool_wrist,tool_tip,follow,blend,local-angle,z,y,z,-0.023326,-0.015028,-0.040665,-0.252517,-0.001613,0.385862,-0.250027,-0.000014,0.389509,0.004697,0.020098,0.126091,0.120004,0.006091,0.519385,0.509873,0.030000,1.982746,0.000000,0.000000,0.000000,0.000000,0.000000,0.000000,0.000230,-0.000119,0.000000,0.000000,0.000000,0.000103,-0.000066,0.120004,0.000024,-0.000010,0.000042
26143.150411,split,tool_wrist,tool_tip,follow,blend,local-angle,z,y,z,-0.026577,-0.013600,-0.052488,-0.264159,-0.007272,0.366189,-0.251641,-0.000360,0.391508,0.029078,0.103087,0.124105,0.120216,0.003892,0.519385,0.509873,0.507904,0.000000,0.000000,0.000000,0.000000,0.000000,0.000000,0.000000,0.015109,-0.003308,0.018817,0.000000,0.000000,0.018176,-0.010874,0.120216,0.023728,-0.010459,0.041456
26143.231682,split,tool_wrist,tool_tip,follow,blend,local-angle,z,y,z,-0.029725,-0.012409,-0.057765,-0.265913,-0.006601,0.363649,-0.253396,-0.001122,0.391041,0.030611,0.107983,0.124617,0.120438,0.004182,0.519385,0.509873,0.507904,0.000000,0.000000,0.000000,0.000000,0.000000,0.000000,0.000000,0.031143,-0.010288,0.044190,0.000000,0.000000,0.033779,-0.018774,0.120438,0.048929,-0.026215,0.088157
26143.311999,split,tool_wrist,tool_tip,follow,blend,local-angle,z,y,z,-0.032556,-0.011461,-0.059318,-0.267478,-0.006060,0.362901,-0.255379,-0.002016,0.390608,0.030503,0.092709,0.125142,0.120728,0.004417,0.519385,0.509873,0.507904,0.000000,0.000000,0.000000,0.000000,0.000000,0.000000,0.000000,0.049114,-0.018399,0.074531,0.000000,0.000000,0.051895,-0.025699,0.120728,0.079393,-0.050135,0.143388
26143.392003,split,tool_wrist,tool_tip,follow,blend,local-angle,z,y,z,-0.035265,-0.011337,-0.060177,-0.269008,-0.005973,0.362501,-0.257445,-0.002726,0.390459,0.030429,0.070426,0.125427,0.121073,0.004358,0.519385,0.509873,0.507904,0.000000,0.000000,0.000000,0.000000,0.000000,0.000000,0.000000,0.067847,-0.024814,0.104393,0.000000,0.000000,0.071147,-0.031300,0.121073,0.109773,-0.073869,0.191691
26143.472194,split,tool_wrist,tool_tip,follow,blend,local-angle,z,y,z,-0.036142,-0.012961,-0.060267,-0.269519,-0.006837,0.362445,-0.259819,-0.003395,0.390190,0.029593,0.052228,0.125900,0.121541,0.004365,0.502366,0.493167,0.495102,0.000000,0.000000,0.000000,0.000000,0.000000,0.000000,0.000000,0.089165,-0.030773,0.138670,0.000000,0.000000,0.092642,-0.037536,0.121541,0.145119,-0.095584,0.235972
26143.552921,split,tool_wrist,tool_tip,follow,blend,local-angle,z,y,z,-0.035401,-0.018064,-0.058653,-0.269155,-0.009480,0.363122,-0.262188,-0.004266,0.389820,0.028080,0.039906,0.126534,0.122194,0.004347,0.414002,0.406421,0.413113,0.000000,0.000000,0.000000,0.000000,0.000000,0.000000,0.000000,0.110153,-0.038458,0.182414,0.000000,0.000000,0.112971,-0.049019,0.122194,0.190579,-0.109973,0.273738
26143.633257,split,tool_wrist,tool_tip,follow,blend,local-angle,z,y,z,-0.033668,-0.027948,-0.054610,-0.268214,-0.014788,0.364889,-0.263509,-0.005647,0.389439,0.026615,0.039657,0.127127,0.122789,0.004344,0.268692,0.263772,0.271637,0.000000,0.000000,0.000000,0.000000,0.000000,0.000000,0.000000,0.121573,-0.050651,0.227248,0.000000,0.000000,0.122828,-0.070521,0.122789,0.235984,-0.110417,0.295401
26143.714122,split,tool_wrist,tool_tip,follow,blend,local-angle,z,y,z,-0.032508,-0.041248,-0.049214,-0.267536,-0.022197,0.367349,-0.264115,-0.008539,0.389112,0.025920,0.040698,0.127708,0.123377,0.004337,0.177055,0.173813,0.175471,0.000000,0.000000,0.000000,0.000000,0.000000,0.000000,0.000000,0.126592,-0.076234,0.278680,0.000000,0.000000,0.126986,-0.107831,0.123377,0.286591,-0.101647,0.311248
26143.794608,split,tool_wrist,tool_tip,follow,blend,local-angle,z,y,z,-0.032201,-0.056620,-0.043106,-0.267382,-0.030556,0.370063,-0.264355,-0.012567,0.389087,0.026357,0.043221,0.128142,0.123823,0.004323,0.157746,0.154858,0.156847,0.000000,0.000000,0.000000,0.000000,0.000000,0.000000,0.000000,0.128694,-0.111887,0.323711,0.000000,0.000000,0.128868,-0.151839,0.123823,0.330783,-0.089271,0.323288
26143.874724,split,tool_wrist,tool_tip,follow,blend,local-angle,z,y,z,-0.029643,-0.068372,-0.037103,-0.266029,-0.037142,0.372779,-0.264344,-0.017257,0.389375,0.025955,0.047899,0.128478,0.124181,0.004300,0.156110,0.153251,0.154910,0.000000,0.000000,0.000000,0.000000,0.000000,0.000000,0.000000,0.128931,-0.153479,0.363771,0.000000,0.000000,0.128873,-0.197838,0.124181,0.370492,-0.074244,0.334672
26143.955034,split,tool_wrist,tool_tip,follow,blend,local-angle,z,y,z,-0.024624,-0.076498,-0.031459,-0.263355,-0.041647,0.375307,-0.264076,-0.021704,0.389873,0.024707,0.054009,0.128725,0.124457,0.004270,0.154146,0.151323,0.152978,0.000000,0.000000,0.000000,0.000000,0.000000,0.000000,0.000000,0.127117,-0.193046,0.399435,0.000000,0.000000,0.125819,-0.237715,0.124457,0.406259,-0.057693,0.346133
26144.035307,split,tool_wrist,tool_tip,follow,blend,local-angle,z,y,z,-0.017839,-0.080948,-0.027653,-0.259576,-0.044217,0.377085,-0.263218,-0.025719,0.390427,0.023096,0.060245,0.128924,0.124685,0.004242,0.154146,0.151323,0.152978,0.000000,0.000000,0.000000,0.000000,0.000000,0.000000,0.000000,0.120040,-0.228935,0.433081,0.000000,0.000000,0.117600,-0.271602,0.124685,0.440065,-0.040637,0.358203
26144.115648,split,tool_wrist,tool_tip,follow,blend,local-angle,z,y,z,-0.012002,-0.082085,-0.025759,-0.256343,-0.044889,0.377951,-0.261512,-0.029896,0.391063,0.020577,0.058253,0.129150,0.124946,0.004207,0.154146,0.151323,0.152978,0.000000,0.000000,0.000000,0.000000,0.000000,0.000000,0.000000,0.105273,-0.266418,0.471061,0.000000,0.000000,0.101648,-0.305217,0.124946,0.477881,-0.018800,0.372988
26144.195761,split,tool_wrist,tool_tip,follow,blend,local-angle,z,y,z,-0.011339,-0.081764,-0.025369,-0.255877,-0.044738,0.378162,-0.259174,-0.033917,0.391683,0.017630,0.048396,0.129473,0.125310,0.004167,0.154146,0.151323,0.152978,0.000000,0.000000,0.000000,0.000000,0.000000,0.000000,0.000000,0.084477,-0.302429,0.509561,0.000000,0.000000,0.080653,-0.336623,0.125310,0.515725,0.009795,0.391931
26144.276714,split,tool_wrist,tool_tip,follow,blend,local-angle,z,y,z,-0.011631,-0.078889,-0.025632,-0.256039,-0.043209,0.378054,-0.257115,-0.037214,0.392070,0.015283,0.033285,0.129987,0.125870,0.004124,0.152837,0.150038,0.151785,0.000000,0.000000,0.000000,0.000000,0.000000,0.000000,0.000000,0.065811,-0.331361,0.540819,0.000000,0.000000,0.062439,-0.357169,0.125870,0.545627,0.044048,0.418492
26144.357299,split,tool_wrist,tool_tip,follow,blend,local-angle,z,y,z,-0.012745,-0.074246,-0.027007,-0.256622,-0.040702,0.377447,-0.255807,-0.039079,0.391646,0.014315,0.018518,0.130932,0.126836,0.004107,0.146946,0.144255,0.146000,0.000000,0.000000,0.000000,0.000000,0.000000,0.000000,0.000000,0.053527,-0.345678,0.556937,0.000000,0.000000,0.052890,-0.343863,0.126836,0.556776,0.082349,0.455008
26144.437769,split,tool_wrist,tool_tip,follow,blend,local-angle,z,y,z,-0.014004,-0.068212,-0.028824,-0.257332,-0.037384,0.376634,-0.256160,-0.037688,0.390129,0.013550,0.014749,0.131918,0.127795,0.004132,0.146946,0.144255,0.146000,0.000000,0.000000,0.000000,0.000000,0.000000,0.000000,0.000000,0.055991,-0.329953,0.545030,0.000000,0.000000,0.056831,-0.296107,0.127795,0.540857,0.105911,0.468864
26144.518064,split,tool_wrist,tool_tip,follow,blend,local-angle,z,y,z,-0.014277,-0.058986,-0.031391,-0.257508,-0.032472,0.375508,-0.256638,-0.034297,0.388314,0.012965,0.024256,0.132621,0.128445,0.004183,0.146946,0.144255,0.146000,0.000000,0.000000,0.000000,0.000000,0.000000,0.000000,0.000000,0.059352,-0.297440,0.519058,0.000000,0.000000,0.059443,-0.252993,0.128445,0.512877,0.114328,0.462739
26144.599234,split,tool_wrist,tool_tip,follow,blend,local-angle,z,y,z,-0.012821,-0.045765,-0.034737,-0.256763,-0.025295,0.374020,-0.256727,-0.029116,0.386204,0.012769,0.036539,0.133254,0.129017,0.004241,0.173128,0.169958,0.167513,0.000000,0.000000,0.000000,0.000000,0.000000,0.000000,0.000000,0.059033,-0.250058,0.478010,0.000000,0.000000,0.057992,-0.204167,0.129017,0.471419,0.119430,0.442722
26144.679336,split,tool_wrist,tool_tip,follow,blend,local-angle,z,y,z,-0.010182,-0.030679,-0.037946,-0.255293,-0.016889,0.372533,-0.256143,-0.023749,0.384484,0.013806,0.051038,0.133692,0.129404,0.004290,0.207819,0.204014,0.202352,0.000000,0.000000,0.000000,0.000000,0.000000,0.000000,0.000000,0.053113,-0.202476,0.433382,0.000000,0.000000,0.051608,-0.158709,0.129404,0.426098,0.122886,0.417740
26144.760065,split,tool_wrist,tool_tip,follow,blend,local-angle,z,y,z,-0.007389,-0.013881,-0.040175,-0.253769,-0.007758,0.371516,-0.255306,-0.018325,0.383147,0.015790,0.063407,0.134000,0.129672,0.004330,0.240874,0.236463,0.234435,0.000000,0.000000,0.000000,0.000000,0.000000,0.000000,0.000000,0.045362,-0.155392,0.384367,0.000000,0.000000,0.043838,-0.113352,0.129672,0.376888,0.123588,0.392134
26144.840748,split,tool_wrist,tool_tip,follow,blend,local-angle,z,y,z,-0.005422,0.000531,-0.040123,-0.252664,0.000196,0.371500,-0.254529,-0.013424,0.382240,0.017445,0.066815,0.134209,0.129853,0.004357,0.285711,0.280479,0.278285,0.000000,0.000000,0.000000,0.000000,0.000000,0.000000,0.000000,0.038431,-0.113411,0.338734,0.000000,0.000000,0.036970,-0.071883,0.129853,0.331297,0.123477,0.368223
26144.921020,split,tool_wrist,tool_tip,follow,blend,local-angle,z,y,z,-0.004543,0.013028,-0.038285,-0.252151,0.007172,0.372306,-0.253892,-0.008957,0.381646,0.018720,0.070092,0.134356,0.129983,0.004374,0.340038,0.333811,0.330689,0.000000,0.000000,0.000000,0.000000,0.000000,0.000000,0.000000,0.032859,-0.075489,0.298519,0.000000,0.000000,0.031593,-0.033608,0.129983,0.291401,0.120541,0.345489
26145.001321,split,tool_wrist,tool_tip,follow,blend,local-angle,z,y,z,-0.004930,0.023819,-0.035586,-0.252350,0.013161,0.373508,-0.253398,-0.004277,0.381248,0.019108,0.067508,0.134478,0.130094,0.004385,0.413348,0.405778,0.403155,0.000000,0.000000,0.000000,0.000000,0.000000,0.000000,0.000000,0.028595,-0.035981,0.258844,0.000000,0.000000,0.027642,0.006660,0.130094,0.252011,0.114354,0.320559
26145.081460,split,tool_wrist,tool_tip,follow,blend,local-angle,z,y,z,-0.005449,0.033705,-0.032941,-0.252623,0.018471,0.374688,-0.253103,0.000550,0.381061,0.019026,0.065056,0.134581,0.130193,0.004388,0.476839,0.468107,0.462820,0.000000,0.000000,0.000000,0.000000,0.000000,0.000000,0.000000,0.026069,0.004631,0.220494,0.000000,0.000000,0.025487,0.048728,0.130193,0.213820,0.103998,0.297985
26145.162950,split,tool_wrist,tool_tip,follow,blend,local-angle,z,y,z,-0.006774,0.042610,-0.031339,-0.253335,0.023475,0.375450,-0.253073,0.005907,0.381106,0.018458,0.062902,0.134681,0.130299,0.004383,0.551130,0.541038,0.537153,0.000000,0.000000,0.000000,0.000000,0.000000,0.000000,0.000000,0.025830,0.049635,0.181696,0.000000,0.000000,0.025483,0.095063,0.130299,0.175747,0.089768,0.273035
26145.243780,split,tool_wrist,tool_tip,follow,blend,local-angle,z,y,z,-0.007616,0.048786,-0.031618,-0.253831,0.026969,0.375361,-0.253061,0.011305,0.381389,0.016802,0.062088,0.134788,0.130421,0.004368,0.588112,0.577342,0.575209,0.000000,0.000000,0.000000,0.000000,0.000000,0.000000,0.000000,0.025790,0.095004,0.147049,0.000000,0.000000,0.025541,0.140521,0.130421,0.141580,0.072503,0.244704
26145.323796,split,tool_wrist,tool_tip,follow,blend,local-angle,z,y,z,-0.007097,0.051511,-0.032135,-0.253576,0.028563,0.375122,-0.253123,0.016337,0.381838,0.013957,0.055639,0.134927,0.130584,0.004344,0.591385,0.580555,0.578840,0.000000,0.000000,0.000000,0.000000,0.000000,0.000000,0.000000,0.026406,0.137348,0.118071,0.000000,0.000000,0.026309,0.183096,0.130584,0.113264,0.052332,0.217547
26145.403990,split,tool_wrist,tool_tip,follow,blend,local-angle,z,y,z,-0.005855,0.051975,-0.031855,-0.252913,0.028835,0.375225,-0.253113,0.021532,0.382429,0.010260,0.046835,0.135167,0.130861,0.004310,0.589749,0.578949,0.578840,0.000000,0.000000,0.000000,0.000000,0.000000,0.000000,0.000000,0.026456,0.181080,0.095612,0.000000,0.000000,0.026123,0.226266,0.130861,0.093069,0.022584,0.189452
26145.484047,split,tool_wrist,tool_tip,follow,blend,local-angle,z,y,z,-0.001481,0.052012,-0.031602,-0.250562,0.028852,0.375354,-0.252169,0.026295,0.382930,0.008155,0.039218,0.135607,0.131341,0.004271,0.588112,0.577342,0.578840,0.000000,0.000000,0.000000,0.000000,0.000000,0.000000,0.000000,0.018510,0.220915,0.083715,0.000000,0.000000,0.014806,0.255774,0.131341,0.081616,-0.019538,0.161135
26145.564255,split,tool_wrist,tool_tip,follow,blend,local-angle,z,y,z,0.004112,0.052617,-0.031906,-0.247487,0.029186,0.375224,-0.249032,0.028947,0.382765,0.007701,0.024063,0.136360,0.132123,0.004246,0.588112,0.577342,0.578840,0.000000,0.000000,0.000000,0.000000,0.000000,0.000000,0.000000,-0.008270,0.242074,0.073364,0.000000,0.000000,-0.013126,0.244187,0.132123,0.072139,-0.074909,0.139940
26145.645660,split,tool_wrist,tool_tip,follow,blend,local-angle,z,y,z,0.011474,0.052771,-0.032689,-0.243603,0.029287,0.374882,-0.244869,0.028099,0.381490,0.006832,0.008330,0.137504,0.133297,0.004224,0.588112,0.577342,0.578840,0.000000,0.000000,0.000000,0.000000,0.000000,0.000000,0.000000,-0.043281,0.232603,0.069855,0.000000,0.000000,-0.050424,0.214983,0.133297,0.069689,-0.115475,0.142469
26145.726007,split,tool_wrist,tool_tip,follow,blend,local-angle,z,y,z,0.020550,0.051884,-0.033557,-0.238508,0.028815,0.374487,-0.239724,0.027336,0.379685,0.005540,0.009161,0.139408,0.135178,0.004246,0.588112,0.577342,0.578840,0.000000,0.000000,0.000000,0.000000,0.000000,0.000000,0.000000,-0.085215,0.222637,0.073582,0.000000,0.000000,-0.091627,0.226258,0.135178,0.074973,-0.114568,0.177064
26145.806478,split,tool_wrist,tool_tip,follow,blend,local-angle,z,y,z,0.031742,0.049223,-0.034997,-0.232407,0.027403,0.373852,-0.234147,0.027435,0.378792,0.005238,0.010459,0.140881,0.136649,0.004242,0.588112,0.577342,0.578840,0.000000,0.000000,0.000000,0.000000,0.000000,0.000000,0.000000,-0.130065,0.220785,0.082386,0.000000,0.000000,-0.136474,0.205822,0.136649,0.083859,-0.098328,0.211519
26145.886615,split,tool_wrist,tool_tip,follow,blend,local-angle,z,y,z,0.043237,0.044159,-0.037079,-0.226034,0.024634,0.372916,-0.228258,0.024484,0.378012,0.005562,0.016460,0.141906,0.137688,0.004227,0.588112,0.577342,0.578840,0.000000,0.000000,0.000000,0.000000,0.000000,0.000000,0.000000,-0.176393,0.195085,0.092117,0.000000,0.000000,-0.183438,0.168437,0.137688,0.094116,-0.072943,0.236228
26145.966837,split,tool_wrist,tool_tip,follow,blend,local-angle,z,y,z,0.054119,0.036884,-0.039565,-0.220041,0.020662,0.371792,-0.222756,0.020917,0.377468,0.006297,0.021785,0.142855,0.138653,0.004210,0.588112,0.577342,0.578840,0.000000,0.000000,0.000000,0.000000,0.000000,0.000000,0.000000,-0.218796,0.165125,0.107363,0.000000,0.000000,-0.224786,0.138406,0.138653,0.110047,-0.034035,0.262307
26146.047387,split,tool_wrist,tool_tip,follow,blend,local-angle,z,y,z,0.063238,0.028877,-0.039916,-0.214996,0.016278,0.371592,-0.217808,0.016939,0.377110,0.006228,0.021414,0.143761,0.139569,0.004200,0.588112,0.577342,0.578840,0.000000,0.000000,0.000000,0.000000,0.000000,0.000000,0.000000,-0.256218,0.132563,0.124620,0.000000,0.000000,-0.261698,0.103274,0.139569,0.127102,0.011169,0.284032
26146.128323,split,tool_wrist,tool_tip,follow,blend,local-angle,z,y,z,0.069305,0.019862,-0.037176,-0.211642,0.011351,0.372767,-0.213763,0.012396,0.376917,0.004777,0.022280,0.144504,0.140325,0.004185,0.588439,0.577664,0.578840,0.000000,0.000000,0.000000,0.000000,0.000000,0.000000,0.000000,-0.286335,0.096318,0.138009,0.000000,0.000000,-0.290498,0.060203,0.140325,0.139835,0.053997,0.299510
26146.208660,split,tool_wrist,tool_tip,follow,blend,local-angle,z,y,z,0.073038,0.013095,-0.031713,-0.209534,0.007592,0.375212,-0.210352,0.007416,0.376849,0.001839,0.016720,0.145188,0.141023,0.004169,0.588439,0.577664,0.578840,0.000000,0.000000,0.000000,0.000000,0.000000,0.000000,0.000000,-0.311483,0.057262,0.144546,0.000000,0.000000,-0.314189,0.037373,0.141023,0.143743,0.120597,0.321272
26146.288731,split,tool_wrist,tool_tip,follow,blend,local-angle,z,y,z,0.074695,0.007371,-0.026948,-0.208576,0.004467,0.377358,-0.208801,0.005846,0.377092,0.001423,0.013859,0.145361,0.141167,0.004195,0.588439,0.577664,0.578840,0.000000,0.000000,0.000000,0.000000,0.000000,0.000000,0.000000,-0.323446,0.045077,0.135401,0.000000,0.000000,-0.327480,0.022922,0.141167,0.131401,0.156424,0.331132
26146.368742,split,tool_wrist,tool_tip,follow,blend,local-angle,z,y,z,0.073820,0.001671,-0.024510,-0.209003,0.001276,0.378526,-0.208463,0.000956,0.377424,0.001267,0.008843,0.145026,0.140804,0.004216,0.588439,0.577664,0.578840,0.000000,0.000000,0.000000,0.000000,0.000000,0.000000,0.000000,-0.326732,0.007392,0.095132,0.000000,0.000000,-0.326438,-0.011522,0.140804,0.088868,0.213036,0.336312
26146.448865,split,tool_wrist,tool_tip,follow,blend,local-angle,z,y,z,0.069868,-0.002512,-0.025331,-0.211131,-0.001073,0.378201,-0.210796,-0.000804,0.377472,0.000847,0.001648,0.144250,0.139983,0.004261,0.589094,0.578306,0.578840,0.000000,0.000000,0.000000,0.000000,0.000000,0.000000,0.000000,-0.309677,-0.006244,0.066326,0.000000,0.000000,-0.305381,-0.031683,0.139983,0.066172,0.234872,0.319294
26146.529536,split,tool_wrist,tool_tip,follow,blend,local-angle,z,y,z,0.060589,-0.008602,-0.029046,-0.215968,-0.004225,0.376624,-0.215018,-0.003312,0.376694,0.001320,0.003097,0.143815,0.139578,0.004237,0.598585,0.587623,0.585650,0.000000,0.000000,0.000000,0.000000,0.000000,0.000000,0.000000,-0.276445,-0.025827,0.089297,0.000000,0.000000,-0.271924,-0.045628,0.139578,0.092623,0.240544,0.299360
26146.609788,split,tool_wrist,tool_tip,follow,blend,local-angle,z,y,z,0.046657,-0.018794,-0.034231,-0.223747,-0.009908,0.374234,-0.221522,-0.007903,0.375203,0.003148,0.014987,0.143849,0.139578,0.004271,0.619858,0.608507,0.606587,0.000000,0.000000,0.000000,0.000000,0.000000,0.000000,0.000000,-0.224366,-0.061655,0.107556,0.000000,0.000000,-0.217202,-0.097890,0.139578,0.110581,0.246836,0.287098
26146.690174,split,tool_wrist,tool_tip,follow,blend,local-angle,z,y,z,0.029275,-0.030526,-0.038633,-0.233141,-0.016285,0.372242,-0.228933,-0.013420,0.374101,0.005420,0.027026,0.143953,0.139648,0.004306,0.640803,0.629069,0.627089,0.000000,0.000000,0.000000,0.000000,0.000000,0.000000,0.000000,-0.165810,-0.104737,0.126896,0.000000,0.000000,-0.157781,-0.139188,0.139648,0.129588,0.261145,0.270525
26146.770919,split,tool_wrist,tool_tip,follow,blend,local-angle,z,y,z,0.011839,-0.039291,-0.040312,-0.242734,-0.021195,0.371443,-0.236573,-0.018202,0.373525,0.007159,0.034243,0.144081,0.139758,0.004324,0.648331,0.636458,0.634763,0.000000,0.000000,0.000000,0.000000,0.000000,0.000000,0.000000,-0.105779,-0.142140,0.143866,0.000000,0.000000,-0.097311,-0.171381,0.139758,0.146243,0.278089,0.249953
26146.851224,split,tool_wrist,tool_tip,follow,blend,local-angle,z,y,z,-0.004366,-0.043630,-0.039411,-0.251762,-0.023698,0.371807,-0.244413,-0.021883,0.373456,0.007747,0.037392,0.144144,0.139806,0.004337,0.648331,0.636458,0.634763,0.000000,0.000000,0.000000,0.000000,0.000000,0.000000,0.000000,-0.044130,-0.171063,0.157016,0.000000,0.000000,-0.035201,-0.191754,0.139806,0.158639,0.295523,0.222511
26146.931439,split,tool_wrist,tool_tip,follow,blend,local-angle,z,y,z,-0.018693,-0.043794,-0.036734,-0.259639,-0.023869,0.372999,-0.252317,-0.024050,0.373745,0.007362,0.036484,0.144146,0.139806,0.004340,0.648331,0.636458,0.634763,0.000000,0.000000,0.000000,0.000000,0.000000,0.000000,0.000000,0.018339,-0.188191,0.163751,0.000000,0.000000,0.027562,-0.197703,0.139806,0.164185,0.308366,0.190477
26147.011970,split,tool_wrist,tool_tip,follow,blend,local-angle,z,y,z,-0.029716,-0.040083,-0.034011,-0.265866,-0.021876,0.374234,-0.260020,-0.024463,0.374205,0.006393,0.041301,0.144143,0.139806,0.004337,0.669276,0.657020,0.655096,0.000000,0.000000,0.000000,0.000000,0.000000,0.000000,0.000000,0.079472,-0.191467,0.161276,0.000000,0.000000,0.087705,-0.185652,0.139806,0.159540,0.313773,0.153868
26147.093916,split,tool_wrist,tool_tip,follow,blend,local-angle,z,y,z,-0.034565,-0.030470,-0.030735,-0.268648,-0.016757,0.375672,-0.265814,-0.022501,0.374442,0.006521,0.053080,0.144135,0.139805,0.004330,0.736040,0.722561,0.719033,0.000000,0.000000,0.000000,0.000000,0.000000,0.000000,0.000000,0.125276,-0.175954,0.143642,0.000000,0.000000,0.129406,-0.150199,0.139805,0.139836,0.313781,0.111647
26147.174153,split,tool_wrist,tool_tip,follow,blend,local-angle,z,y,z,-0.031824,-0.016857,-0.026662,-0.267231,-0.009295,0.377518,-0.267786,-0.017887,0.374079,0.009271,0.055697,0.144022,0.139663,0.004358,0.801168,0.786496,0.783865,0.000000,0.000000,0.000000,0.000000,0.000000,0.000000,0.000000,0.140307,-0.139731,0.114299,0.000000,0.000000,0.140445,-0.101922,0.139663,0.109380,0.308127,0.065779
26147.254230,split,tool_wrist,tool_tip,follow,blend,local-angle,z,y,z,-0.027526,-0.000908,-0.023332,-0.264842,-0.000477,0.379035,-0.267437,-0.012126,0.373504,0.013154,0.055642,0.143866,0.139482,0.004383,0.881350,0.865210,0.862865,0.000000,0.000000,0.000000,0.000000,0.000000,0.000000,0.000000,0.136968,-0.094673,0.079426,0.000000,0.000000,0.135599,-0.053854,0.139482,0.074143,0.292974,0.022587
26147.334452,split,tool_wrist,tool_tip,follow,blend,local-angle,z,y,z,-0.024442,0.014477,-0.020595,-0.263134,0.007956,0.380265,-0.266455,-0.006260,0.373110,0.016258,0.054742,0.143705,0.139303,0.004401,0.947787,0.930430,0.928139,0.000000,0.000000,0.000000,0.000000,0.000000,0.000000,0.000000,0.128944,-0.048880,0.044166,0.000000,0.000000,0.127429,-0.006444,0.139303,0.038809,0.269631,-0.011928
26147.414597,split,tool_wrist,tool_tip,follow,blend,local-angle,z,y,z,-0.022781,0.026523,-0.018520,-0.262200,0.014613,0.381209,-0.265478,-0.000444,0.372994,0.017463,0.054085,0.143547,0.139134,0.004411,1.013896,0.995329,0.992719,0.000000,0.000000,0.000000,0.000000,0.000000,0.000000,0.000000,0.121261,-0.003460,0.010811,0.000000,0.000000,0.119837,0.040457,0.139134,0.005644,0.240497,-0.037237
26147.496253,split,tool_wrist,tool_tip,follow,blend,local-angle,z,y,z,-0.022690,0.036938,-0.016976,-0.262104,0.020283,0.381907,-0.264554,0.006022,0.373212,0.016881,0.053034,0.143362,0.138951,0.004410,1.039751,1.020710,1.018922,0.000000,0.000000,0.000000,0.000000,0.000000,0.000000,0.000000,0.114274,0.047158,-0.022706,0.000000,0.000000,0.113160,0.092823,0.138951,-0.027403,0.203252,-0.055024
26147.576540,split,tool_wrist,tool_tip,follow,blend,local-angle,z,y,z,-0.022449,0.042604,-0.015871,-0.262012,0.023675,0.382422,-0.263897,0.013168,0.373907,0.013655,0.049910,0.143138,0.138740,0.004396,1.039751,1.020710,1.018922,0.000000,0.000000,0.000000,0.000000,0.000000,0.000000,0.000000,0.109754,0.103439,-0.053472,0.000000,0.000000,0.108847,0.150842,0.138740,-0.057267,0.158866,-0.066309
26147.656929,split,tool_wrist,tool_tip,follow,blend,local-angle,z,y,z,-0.021473,0.042619,-0.015768,-0.261468,0.023703,0.382495,-0.263052,0.020037,0.375061,0.008439,0.043665,0.142806,0.138431,0.004372,0.978551,0.960631,0.964430,0.000000,0.000000,0.000000,0.000000,0.000000,0.000000,0.000000,0.104077,0.158183,-0.076055,0.000000,0.000000,0.102651,0.204322,0.138431,-0.078618,0.109565,-0.072564
26147.737363,split,tool_wrist,tool_tip,follow,blend,local-angle,z,y,z,-0.020755,0.042076,-0.017878,-0.261069,0.023409,0.381545,-0.261783,0.025496,0.376592,0.005422,0.035660,0.142164,0.137823,0.004335,0.844041,0.828584,0.833512,0.000000,0.000000,0.000000,0.000000,0.000000,0.000000,0.000000,0.095178,0.202846,-0.085326,0.000000,0.000000,0.093822,0.227765,0.137823,-0.083840,0.046315,-0.070426
26147.817411,split,tool_wrist,tool_tip,follow,blend,local-angle,z,y,z,-0.018223,0.039104,-0.020161,-0.259706,0.021811,0.380530,-0.260760,0.025526,0.377137,0.005140,0.019818,0.141547,0.137204,0.004338,0.649640,0.637743,0.642638,0.000000,0.000000,0.000000,0.000000,0.000000,0.000000,0.000000,0.087342,0.204092,-0.073040,0.000000,0.000000,0.084828,0.180387,0.137204,-0.071885,-0.005508,-0.059158
26147.897735,split,tool_wrist,tool_tip,follow,blend,local-angle,z,y,z,-0.014827,0.032837,-0.022970,-0.257907,0.018535,0.379300,-0.258673,0.020717,0.376585,0.003567,0.010646,0.141042,0.136655,0.004381,0.445748,0.437585,0.448213,0.000000,0.000000,0.000000,0.000000,0.000000,0.000000,0.000000,0.070150,0.165919,-0.065857,0.000000,0.000000,0.066829,0.121006,0.136655,-0.064426,-0.024887,-0.038166
26147.977953,split,tool_wrist,tool_tip,follow,blend,local-angle,z,y,z,-0.010293,0.022939,-0.025653,-0.255444,0.013181,0.378093,-0.255977,0.014136,0.376157,0.002224,0.014378,0.140391,0.135970,0.004415,0.357711,0.351160,0.352905,0.000000,0.000000,0.000000,0.000000,0.000000,0.000000,0.000000,0.048215,0.113528,-0.057483,0.000000,0.000000,0.044654,0.072341,0.135970,-0.056564,0.005989,-0.005084
26148.058621,split,tool_wrist,tool_tip,follow,blend,local-angle,z,y,z,-0.004405,0.009687,-0.028657,-0.252210,0.005905,0.376729,-0.253050,0.008080,0.375866,0.002486,0.016528,0.140034,0.135606,0.004427,0.343638,0.337345,0.339677,0.000000,0.000000,0.000000,0.000000,0.000000,0.000000,0.000000,0.024555,0.064987,-0.052089,0.000000,0.000000,0.020841,0.020608,0.135606,-0.051069,0.051511,0.014789
26148.139054,split,tool_wrist,tool_tip,follow,blend,local-angle,z,y,z,0.002586,-0.005160,-0.030582,-0.248311,-0.002408,0.375822,-0.249834,0.000923,0.375610,0.003669,0.025603,0.139994,0.135570,0.004424,0.338402,0.332205,0.334088,0.000000,0.000000,0.000000,0.000000,0.000000,0.000000,0.000000,-0.001346,0.007427,-0.043927,0.000000,0.000000,-0.005498,-0.042042,0.135570,-0.042325,0.087797,0.027979
26148.219343,split,tool_wrist,tool_tip,follow,blend,local-angle,z,y,z,0.010040,-0.020625,-0.030492,-0.244207,-0.010919,0.375843,-0.246033,-0.007169,0.375881,0.004171,0.034140,0.139990,0.135570,0.004420,0.335456,0.329313,0.331008,0.000000,0.000000,0.000000,0.000000,0.000000,0.000000,0.000000,-0.031959,-0.057661,-0.029974,0.000000,0.000000,-0.036157,-0.105983,0.135570,-0.027717,0.130137,0.045450
26148.299765,split,tool_wrist,tool_tip,follow,blend,local-angle,z,y,z,0.016836,-0.036485,-0.029268,-0.240527,-0.019452,0.376387,-0.242375,-0.015092,0.376783,0.004752,0.041184,0.139972,0.135570,0.004402,0.307638,0.302004,0.304431,0.000000,0.000000,0.000000,0.000000,0.000000,0.000000,0.000000,-0.061816,-0.121640,-0.011689,0.000000,0.000000,-0.065609,-0.168776,0.135570,-0.009013,0.174129,0.067130
26148.380204,split,tool_wrist,tool_tip,follow,blend,local-angle,z,y,z,0.021918,-0.050423,-0.028773,-0.237658,-0.027295,0.376632,-0.239413,-0.022696,0.378164,0.005155,0.047283,0.139984,0.135690,0.004295,0.279820,0.274695,0.276646,0.000000,0.000000,0.000000,0.000000,0.000000,0.000000,0.000000,-0.086686,-0.183488,0.010104,0.000000,0.000000,-0.090001,-0.229099,0.135690,0.013024,0.220744,0.090624
26148.461046,split,tool_wrist,tool_tip,follow,blend,local-angle,z,y,z,0.025362,-0.060405,-0.031081,-0.235740,-0.032853,0.375656,-0.237275,-0.028877,0.379468,0.005718,0.049117,0.140194,0.135957,0.004240,0.277856,0.272768,0.274733,0.000000,0.000000,0.000000,0.000000,0.000000,0.000000,0.000000,-0.105193,-0.233886,0.030258,0.000000,0.000000,-0.108058,-0.275671,0.135957,0.033565,0.266214,0.112337
26148.541338,split,tool_wrist,tool_tip,follow,blend,local-angle,z,y,z,0.026311,-0.061637,-0.039645,-0.235176,-0.033671,0.371842,-0.236098,-0.033634,0.380276,0.008485,0.041499,0.140733,0.136546,0.004192,0.284729,0.279515,0.277612,0.000000,0.000000,0.000000,0.000000,0.000000,0.000000,0.000000,-0.115609,-0.272128,0.055204,0.000000,0.000000,-0.116163,-0.285802,0.136546,0.058759,0.328926,0.133245
26148.621468,split,tool_wrist,tool_tip,follow,blend,local-angle,z,y,z,0.025192,-0.056171,-0.054647,-0.235763,-0.030778,0.365238,-0.236381,-0.033383,0.379543,0.014554,0.027828,0.141337,0.137149,0.004194,0.309274,0.303611,0.301852,0.000000,0.000000,0.000000,0.000000,0.000000,0.000000,0.000000,-0.112592,-0.268714,0.073359,0.000000,0.000000,-0.111655,-0.246679,0.137149,0.075339,0.382495,0.138405
26148.701904,split,tool_wrist,tool_tip,follow,blend,local-angle,z,y,z,0.024464,-0.047192,-0.070525,-0.236190,-0.025849,0.358009,-0.237257,-0.029026,0.377458,0.019735,0.009223,0.142176,0.137951,0.004233,0.325638,0.319675,0.318032,0.000000,0.000000,0.000000,0.000000,0.000000,0.000000,0.000000,-0.103631,-0.231372,0.077662,0.000000,0.000000,-0.102566,-0.186912,0.137951,0.076499,0.420449,0.127773
26148.782371,split,tool_wrist,tool_tip,follow,blend,local-angle,z,y,z,0.024873,-0.037942,-0.081234,-0.235972,-0.020769,0.353148,-0.237817,-0.021296,0.374368,0.021307,0.010815,0.143605,0.139336,0.004283,0.327602,0.321603,0.319954,0.000000,0.000000,0.000000,0.000000,0.000000,0.000000,0.000000,-0.096682,-0.167137,0.054515,0.000000,0.000000,-0.096483,-0.117483,0.139336,0.050270,0.415436,0.105220
26148.862893,split,tool_wrist,tool_tip,follow,blend,local-angle,z,y,z,0.024986,-0.029674,-0.088885,-0.235890,-0.016255,0.349723,-0.237741,-0.014631,0.371363,0.021780,0.010522,0.145645,0.141354,0.004308,0.329238,0.323209,0.321516,0.000000,0.000000,0.000000,0.000000,0.000000,0.000000,0.000000,-0.095024,-0.112737,0.024070,0.000000,0.000000,-0.094768,-0.082213,0.141354,0.020313,0.363908,0.088487
26148.943297,split,tool_wrist,tool_tip,follow,blend,local-angle,z,y,z,0.023391,-0.021893,-0.096165,-0.236733,-0.011943,0.346379,-0.238211,-0.011273,0.368421,0.022101,0.005877,0.148186,0.143879,0.004328,0.329238,0.323209,0.321516,0.000000,0.000000,0.000000,0.000000,0.000000,0.000000,0.000000,-0.089371,-0.085118,0.000056,0.000000,0.000000,-0.088302,-0.064655,0.143879,-0.003827,0.319905,0.078987
26149.023710,split,tool_wrist,tool_tip,follow,blend,local-angle,z,y,z,0.020480,-0.013872,-0.101033,-0.238342,-0.007484,0.344159,-0.239262,-0.008431,0.366274,0.022154,0.013075,0.150021,0.145693,0.004341,0.329238,0.323209,0.321516,0.000000,0.000000,0.000000,0.000000,0.000000,0.000000,0.000000,-0.080137,-0.062751,-0.030986,0.000000,0.000000,-0.078956,-0.039614,0.145693,-0.037331,0.299297,0.050885
26149.103735,split,tool_wrist,tool_tip,follow,blend,local-angle,z,y,z,0.016484,-0.007771,-0.105059,-0.240521,-0.004087,0.342336,-0.240613,-0.005206,0.364587,0.022279,0.013641,0.151438,0.147093,0.004357,0.325638,0.319675,0.321516,0.000000,0.000000,0.000000,0.000000,0.000000,0.000000,0.000000,-0.069223,-0.038325,-0.072701,0.000000,0.000000,-0.067200,-0.015962,0.147093,-0.078454,0.276974,0.015176
26149.184242,split,tool_wrist,tool_tip,follow,blend,local-angle,z,y,z,0.012927,-0.004085,-0.107704,-0.242475,-0.002036,0.341137,-0.242578,-0.002219,0.363006,0.021870,0.016547,0.152813,0.148459,0.004366,0.300111,0.294615,0.297341,0.000000,0.000000,0.000000,0.000000,0.000000,0.000000,0.000000,-0.054135,-0.016169,-0.107416,0.000000,0.000000,-0.052648,-0.000913,0.148459,-0.112267,0.240594,-0.028343
26149.264344,split,tool_wrist,tool_tip,follow,blend,local-angle,z,y,z,0.010603,-0.002985,-0.108919,-0.243776,-0.001399,0.340575,-0.244076,-0.000781,0.361206,0.020643,0.011320,0.154523,0.150179,0.004359,0.252329,0.247708,0.249595,0.000000,0.000000,0.000000,0.000000,0.000000,0.000000,0.000000,-0.042666,-0.005616,-0.139714,0.000000,0.000000,-0.041551,-0.002696,0.150179,-0.143010,0.191837,-0.071659
26149.345334,split,tool_wrist,tool_tip,follow,blend,local-angle,z,y,z,0.008888,-0.002375,-0.109720,-0.244728,-0.001061,0.340210,-0.245122,-0.000902,0.359004,0.018799,0.008008,0.156683,0.152347,0.004354,0.221238,0.217186,0.219143,0.000000,0.000000,0.000000,0.000000,0.000000,0.000000,0.000000,-0.034596,-0.006384,-0.153170,0.000000,0.000000,-0.033980,-0.008820,0.152347,-0.153857,0.154773,-0.118338
26149.425977,split,tool_wrist,tool_tip,follow,blend,local-angle,z,y,z,0.007946,-0.002251,-0.110077,-0.245277,-0.000982,0.340038,-0.245767,-0.001041,0.356405,0.016374,0.002136,0.159261,0.154941,0.004345,0.186219,0.182809,0.185152,0.000000,0.000000,0.000000,0.000000,0.000000,0.000000,0.000000,-0.029483,-0.007240,-0.154963,0.000000,0.000000,-0.029550,-0.005571,0.154941,-0.154889,0.140724,-0.155253
26149.506220,split,tool_wrist,tool_tip,follow,blend,local-angle,z,y,z,0.008027,-0.002312,-0.109800,-0.245237,-0.001012,0.340148,-0.245717,-0.000861,0.354013,0.013875,0.005429,0.161652,0.157316,0.004357,0.032073,0.031486,0.034871,0.000000,0.000000,0.000000,0.000000,0.000000,0.000000,0.000000,-0.029338,-0.005887,-0.138934,0.000000,0.000000,-0.029582,-0.003288,0.157316,-0.133702,0.144070,-0.164878
26149.586630,split,tool_wrist,tool_tip,follow,blend,local-angle,z,y,z,0.009007,-0.003415,-0.105734,-0.244713,-0.001592,0.341907,-0.245148,-0.001091,0.351245,0.009362,0.002078,0.164438,0.160093,0.004366,-0.003927,0.000000,0.001984,0.000000,0.000000,0.000000,0.000000,0.000000,0.000000,0.000000,-0.032617,-0.007321,-0.114754,0.000000,0.000000,-0.033956,-0.014768,0.160093,-0.115417,0.167079,-0.173689
26149.666959,split,tool_wrist,tool_tip,follow,blend,local-angle,z,y,z,0.010802,-0.005983,-0.094503,-0.243735,-0.003004,0.346895,-0.243882,-0.003135,0.348835,0.001950,0.005739,0.166921,0.162529,0.004401,-0.003927,0.000000,0.001984,0.000000,0.000000,0.000000,0.000000,0.000000,0.000000,0.000000,-0.040459,-0.020712,-0.116930,0.000000,0.000000,-0.042220,-0.025009,0.162529,-0.114591,0.163855,-0.134304
26149.747551,split,tool_wrist,tool_tip,follow,blend,local-angle,z,y,z,0.012646,-0.007377,-0.080981,-0.242731,-0.003787,0.352840,-0.242676,-0.003804,0.349199,0.003641,0.008387,0.166627,0.162161,0.004455,-0.003927,0.000000,0.001984,0.000000,0.000000,0.000000,0.000000,0.000000,0.000000,0.000000,-0.048540,-0.025183,-0.098329,0.000000,0.000000,-0.049631,-0.034470,0.162161,-0.094796,0.135158,-0.073746
26149.829316,split,tool_wrist,tool_tip,follow,blend,local-angle,z,y,z,0.013542,-0.006852,-0.069440,-0.242217,-0.003548,0.358108,-0.241948,-0.004043,0.351159,0.006972,0.004002,0.164713,0.160228,0.004465,-0.003927,0.000000,0.001984,0.000000,0.000000,0.000000,0.000000,0.000000,0.000000,0.000000,-0.054058,-0.027110,-0.075664,0.000000,0.000000,-0.055397,-0.017708,0.160228,-0.072859,0.113865,-0.036995
26149.910398,split,tool_wrist,tool_tip,follow,blend,local-angle,z,y,z,0.014170,-0.004636,-0.060559,-0.241873,-0.002352,0.362177,-0.241489,-0.002592,0.353318,0.008870,0.006705,0.162551,0.158076,0.004456,-0.003927,0.000000,0.001984,0.000000,0.000000,0.000000,0.000000,0.000000,0.000000,0.000000,-0.057970,-0.017629,-0.063061,0.000000,0.000000,-0.059293,-0.009479,0.158076,-0.061484,0.077848,-0.027670
26149.990741,split,tool_wrist,tool_tip,follow,blend,local-angle,z,y,z,0.014658,-0.001491,-0.053703,-0.241584,-0.000622,0.365329,-0.241017,-0.001269,0.355455,0.009911,0.010505,0.160430,0.155966,0.004448,-0.003927,0.000000,0.001984,0.000000,0.000000,0.000000,0.000000,0.000000,0.000000,0.000000,-0.062075,-0.008755,-0.055593,0.000000,0.000000,-0.062611,0.002503,0.155966,-0.054308,0.030755,-0.001920
26150.071187,split,tool_wrist,tool_tip,follow,blend,local-angle,z,y,z,0.014329,0.002743,-0.048355,-0.241760,0.001707,0.367771,-0.241094,0.000794,0.356901,0.010928,0.018654,0.158978,0.154525,0.004443,-0.003927,0.000000,0.001984,0.000000,0.000000,0.000000,0.000000,0.000000,0.000000,0.000000,-0.062166,0.005546,-0.044800,0.000000,0.000000,-0.062611,0.020930,0.154525,-0.043048,-0.012845,0.041524
26150.151239,split,tool_wrist,tool_tip,follow,blend,local-angle,z,y,z,0.013341,0.008363,-0.044784,-0.242287,0.004750,0.369381,-0.241335,0.003337,0.357955,0.011552,0.020602,0.157948,0.153496,0.004443,-0.003927,0.000000,0.001984,0.000000,0.000000,0.000000,0.000000,0.000000,0.000000,0.000000,-0.060938,0.023452,-0.034873,0.000000,0.000000,-0.060540,0.043253,0.153496,-0.033179,-0.054401,0.089522
26150.232038,split,tool_wrist,tool_tip,follow,blend,local-angle,z,y,z,0.012359,0.014158,-0.043257,-0.242834,0.007912,0.370091,-0.242094,0.006869,0.359291,0.010874,0.010922,0.156698,0.152231,0.004454,-0.003927,0.000000,0.001984,0.000000,0.000000,0.000000,0.000000,0.000000,0.000000,0.000000,-0.056140,0.048712,-0.023495,0.000000,0.000000,-0.055735,0.076974,0.152231,-0.022003,-0.097186,0.126329
26150.312770,split,tool_wrist,tool_tip,follow,blend,local-angle,z,y,z,0.012061,0.018348,-0.042933,-0.243008,0.010257,0.370254,-0.242491,0.011037,0.361457,0.008847,0.006673,0.154784,0.150305,0.004459,-0.003927,0.000000,0.001984,0.000000,0.000000,0.000000,0.000000,0.000000,0.000000,0.000000,-0.054162,0.079392,-0.016629,0.000000,0.000000,-0.053942,0.102764,0.150305,-0.015462,-0.141123,0.138803
26150.393434,split,tool_wrist,tool_tip,follow,blend,local-angle,z,y,z,0.011924,0.021142,-0.043662,-0.243087,0.011858,0.369933,-0.242799,0.012151,0.364393,0.005555,0.002426,0.151941,0.147472,0.004444,-0.003927,0.000000,0.001984,0.000000,0.000000,0.000000,0.000000,0.000000,0.000000,0.000000,-0.053065,0.089244,-0.004457,0.000000,0.000000,-0.053124,0.090757,0.147472,-0.001690,-0.167628,0.145028
26150.473529,split,tool_wrist,tool_tip,follow,blend,local-angle,z,y,z,0.011792,0.022575,-0.045648,-0.243153,0.012663,0.369093,-0.243051,0.013346,0.367164,0.002049,0.003302,0.149286,0.144904,0.004369,-0.003927,0.000000,0.001984,0.000000,0.000000,0.000000,0.000000,0.000000,0.000000,0.000000,-0.052281,0.100007,0.015274,0.000000,0.000000,-0.052111,0.101267,0.144904,0.016090,-0.179115,0.167906
26150.553994,split,tool_wrist,tool_tip,follow,blend,local-angle,z,y,z,0.010693,0.021934,-0.052047,-0.243738,0.012340,0.366286,-0.243619,0.011951,0.367368,0.001156,0.001744,0.148922,0.144609,0.004320,-0.003927,0.000000,0.001984,0.000000,0.000000,0.000000,0.000000,0.000000,0.000000,0.000000,-0.048082,0.089767,0.019806,0.000000,0.000000,-0.046856,0.094167,0.144609,0.021111,-0.170174,0.204683
26150.634379,split,tool_wrist,tool_tip,follow,blend,local-angle,z,y,z,0.008861,0.020964,-0.065566,-0.244724,0.011798,0.360364,-0.244890,0.011560,0.365632,0.005276,0.006840,0.150561,0.146295,0.004286,-0.003927,0.000000,0.001984,0.000000,0.000000,0.000000,0.000000,0.000000,0.000000,0.000000,-0.038022,0.085766,0.028649,0.000000,0.000000,-0.035536,0.067052,0.146295,0.029766,-0.148861,0.198306
26150.714691,split,tool_wrist,tool_tip,follow,blend,local-angle,z,y,z,0.006783,0.021311,-0.082447,-0.245868,0.011945,0.352837,-0.246024,0.010473,0.363403,0.010669,0.010002,0.152656,0.148304,0.004368,-0.003927,0.000000,0.001984,0.000000,0.000000,0.000000,0.000000,0.000000,0.000000,0.000000,-0.029108,0.076497,0.034632,0.000000,0.000000,-0.028220,0.081869,0.148304,0.034955,-0.100430,0.180488
26150.794950,split,tool_wrist,tool_tip,follow,blend,local-angle,z,y,z,0.004903,0.023028,-0.097649,-0.246917,0.012888,0.345834,-0.247017,0.011769,0.361122,0.015330,0.007910,0.155008,0.150683,0.004344,-0.003927,0.000000,0.001984,0.000000,0.000000,0.000000,0.000000,0.000000,0.000000,0.000000,-0.021491,0.084530,0.016127,0.000000,0.000000,-0.020782,0.089515,0.150683,0.011813,-0.052459,0.153828
26150.875242,split,tool_wrist,tool_tip,follow,blend,local-angle,z,y,z,0.003443,0.024043,-0.108805,-0.247723,0.013472,0.340747,-0.247793,0.012146,0.358441,0.017743,0.006514,0.157697,0.153368,0.004349,-0.003927,0.000000,0.001984,0.000000,0.000000,0.000000,0.000000,0.000000,0.000000,0.000000,-0.015602,0.085589,-0.015734,0.000000,0.000000,-0.015071,0.084265,0.153368,-0.017834,-0.012067,0.132278
26150.955541,split,tool_wrist,tool_tip,follow,blend,local-angle,z,y,z,0.001670,0.023236,-0.114425,-0.248708,0.013089,0.338110,-0.248526,0.012007,0.356547,0.018470,0.014985,0.159562,0.155217,0.004358,-0.003927,0.000000,0.001984,0.000000,0.000000,0.000000,0.000000,0.000000,0.000000,0.000000,-0.010283,0.083507,-0.017276,0.000000,0.000000,-0.009604,0.080300,0.155217,-0.014644,0.028320,0.094368
26151.035891,split,tool_wrist,tool_tip,follow,blend,local-angle,z,y,z,0.001980,0.020470,-0.113766,-0.248558,0.011551,0.338386,-0.248819,0.011330,0.355212,0.016829,0.012687,0.160835,0.156505,0.004344,-0.003927,0.000000,0.001984,0.000000,0.000000,0.000000,0.000000,0.000000,0.000000,0.000000,-0.008168,0.078097,0.004573,0.000000,0.000000,-0.008325,0.069141,0.156505,0.007629,0.039206,0.038286
26151.116297,split,tool_wrist,tool_tip,follow,blend,local-angle,z,y,z,0.001836,0.020495,-0.114237,-0.248634,0.011522,0.338173,-0.248730,0.009941,0.352622,0.014536,0.001242,0.163318,0.158989,0.004352,-0.002618,0.000000,0.001984,0.000000,0.000000,0.000000,0.000000,0.000000,0.000000,0.000000,-0.008629,0.067356,0.009986,0.000000,0.000000,-0.009026,0.064686,0.158989,0.009743,0.047044,0.006331
26151.196370,split,tool_wrist,tool_tip,follow,blend,local-angle,z,y,z,0.001785,0.020616,-0.114380,-0.248665,0.011594,0.338103,-0.248754,0.011008,0.349740,0.011652,0.001217,0.166268,0.161942,0.004348,-0.000655,0.000000,0.001984,0.000000,0.000000,0.000000,0.000000,0.000000,0.000000,0.000000,-0.008300,0.073137,0.012046,0.000000,0.000000,-0.008386,0.080048,0.161942,0.012226,0.045303,0.010157
26151.276799,split,tool_wrist,tool_tip,follow,blend,local-angle,z,y,z,0.001774,0.020625,-0.114415,-0.248671,0.011599,0.338086,-0.248745,0.010805,0.346738,0.008689,0.000890,0.169247,0.164920,0.004349,-0.000655,0.000000,0.001984,0.000000,0.000000,0.000000,0.000000,0.000000,0.000000,0.000000,-0.008199,0.070391,0.012146,0.000000,0.000000,-0.008385,0.065205,0.164920,0.012226,0.043019,0.010157
26151.357166,split,tool_wrist,tool_tip,follow,blend,local-angle,z,y,z,0.001768,0.020629,-0.114433,-0.248674,0.011602,0.338078,-0.248730,0.011340,0.344155,0.006083,0.000808,0.171862,0.167534,0.004349,-0.000655,0.000000,0.001984,0.000000,0.000000,0.000000,0.000000,0.000000,0.000000,0.000000,-0.008161,0.072645,0.012187,0.000000,0.000000,-0.008385,0.078486,0.167534,0.012226,0.044826,0.010157
26151.437557,split,tool_wrist,tool_tip,follow,blend,local-angle,z,y,z,0.001763,0.020633,-0.114451,-0.248678,0.011604,0.338070,-0.248715,0.011100,0.341929,0.003892,0.000793,0.174065,0.169724,0.004360,-0.000655,0.000000,0.001984,0.000000,0.000000,0.000000,0.000000,0.000000,0.000000,0.000000,-0.008141,0.070114,0.012205,0.000000,0.000000,-0.008385,0.066027,0.169724,0.012226,0.043442,0.010157
26151.518166,split,tool_wrist,tool_tip,follow,blend,local-angle,z,y,z,0.001757,0.020638,-0.114469,-0.248681,0.011606,0.338062,-0.248702,0.011781,0.340132,0.002077,0.000226,0.175907,0.171553,0.004365,-0.000655,0.000000,0.001984,0.000000,0.000000,0.000000,0.000000,0.000000,0.000000,0.000000,-0.008126,0.073566,0.012216,0.000000,0.000000,-0.008385,0.067033,0.171553,0.012226,0.040779,0.010157
26151.598279,split,tool_wrist,tool_tip,follow,blend,local-angle,z,y,z,0.001751,0.020642,-0.114486,-0.248683,0.011608,0.338057,-0.248696,0.011877,0.339134,0.001110,0.001329,0.176909,0.172543,0.004371,-0.000655,0.000000,0.001984,0.000000,0.000000,0.000000,0.000000,0.000000,0.000000,0.000000,-0.008118,0.073700,0.012221,0.000000,0.000000,-0.008385,0.082925,0.172543,0.012226,0.044206,0.010157
26151.678950,split,tool_wrist,tool_tip,follow,blend,local-angle,z,y,z,0.001748,0.020644,-0.114495,-0.248685,0.011610,0.338050,-0.248692,0.011197,0.338562,0.000658,0.000353,0.177431,0.173058,0.004376,-0.000655,0.000000,0.001984,0.000000,0.000000,0.000000,0.000000,0.000000,0.000000,0.000000,-0.008113,0.069254,0.012224,0.000000,0.000000,-0.008385,0.085646,0.173058,0.012226,0.048386,0.010157
26151.759780,split,tool_wrist,tool_tip,follow,blend,local-angle,z,y,z,0.001746,0.020646,-0.114504,-0.248687,0.011611,0.338046,-0.248690,0.011030,0.338304,0.000636,0.002069,0.177677,0.173297,0.004381,-0.000655,0.000000,0.001984,0.000000,0.000000,0.000000,0.000000,0.000000,0.000000,0.000000,-0.008110,0.068113,0.012225,0.000000,0.000000,-0.008385,0.054840,0.173297,0.012226,0.042209,0.010157
26151.840354,split,tool_wrist,tool_tip,follow,blend,local-angle,z,y,z,0.001743,0.020648,-0.114513,-0.248688,0.011612,0.338042,-0.248690,0.012593,0.338303,0.001015,0.001304,0.177792,0.173419,0.004374,-0.000655,0.000000,0.001984,0.000000,0.000000,0.000000,0.000000,0.000000,0.000000,0.000000,-0.008109,0.077731,0.012226,0.000000,0.000000,-0.008385,0.072381,0.173419,0.012226,0.038736,0.010157
26151.921114,split,tool_wrist,tool_tip,follow,blend,local-angle,z,y,z,0.001743,0.020648,-0.114513,-0.248688,0.011612,0.338042,-0.248689,0.010533,0.338101,0.001080,0.001461,0.177846,0.173462,0.004384,-0.000655,0.000000,0.001984,0.000000,0.000000,0.000000,0.000000,0.000000,0.000000,0.000000,-0.008108,0.064975,0.012226,0.000000,0.000000,-0.008385,0.073377,0.173462,0.012226,0.047673,0.010157
26152.001263,split,tool_wrist,tool_tip,follow,blend,local-angle,z,y,z,0.001740,0.020650,-0.114522,-0.248690,0.011613,0.338038,-0.248690,0.012597,0.338231,0.001003,0.002661,0.177864,0.173485,0.004379,-0.000655,0.000000,0.001984,0.000000,0.000000,0.000000,0.000000,0.000000,0.000000,0.000000,-0.008108,0.077720,0.012226,0.000000,0.000000,-0.008385,0.086521,0.173485,0.012226,0.042819,0.010157
26152.081585,split,tool_wrist,tool_tip,follow,blend,local-angle,z,y,z,0.001737,0.020653,-0.114531,-0.248692,0.011615,0.338034,-0.248689,0.010444,0.338055,0.001171,0.002304,0.177887,0.173501,0.004386,-0.000655,0.000000,0.001984,0.000000,0.000000,0.000000,0.000000,0.000000,0.000000,0.000000,-0.008107,0.064406,0.012634,0.000000,0.000000,-0.008385,0.064661,0.173501,0.012825,0.045691,0.010157
26152.162116,split,tool_wrist,tool_tip,follow,blend,local-angle,z,y,z,0.001734,0.020655,-0.114540,-0.248693,0.011616,0.338030,-0.248690,0.012807,0.338218,0.001206,0.001803,0.177894,0.173501,0.004393,-0.000655,0.000000,0.001984,0.000000,0.000000,0.000000,0.000000,0.000000,0.000000,0.000000,-0.008107,0.079004,0.012731,0.000000,0.000000,-0.008385,0.072777,0.173501,0.012825,0.038919,0.010157
26152.242198,split,tool_wrist,tool_tip,follow,blend,local-angle,z,y,z,0.001731,0.020657,-0.114549,-0.248695,0.011617,0.338026,-0.248689,0.010615,0.338055,0.001003,0.000675,0.177898,0.173501,0.004397,-0.000655,0.000000,0.001984,0.000000,0.000000,0.000000,0.000000,0.000000,0.000000,0.000000,-0.008107,0.065456,0.012778,0.000000,0.000000,-0.008385,0.082576,0.173501,0.012825,0.048835,0.010157
26152.322592,split,tool_wrist,tool_tip,follow,blend,local-angle,z,y,z,0.001731,0.020657,-0.114549,-0.248695,0.011617,0.338026,-0.248690,0.012819,0.338213,0.001216,0.001682,0.177900,0.173501,0.004399,-0.000655,0.000000,0.001984,0.000000,0.000000,0.000000,0.000000,0.000000,0.000000,0.000000,-0.008107,0.079072,0.012797,0.000000,0.000000,-0.008385,0.071291,0.173501,0.012825,0.038453,0.010157
26152.402657,split,tool_wrist,tool_tip,follow,blend,local-angle,z,y,z,0.001729,0.020659,-0.114558,-0.248696,0.011618,0.338022,-0.248689,0.010504,0.338045,0.001114,0.002804,0.177901,0.173501,0.004400,-0.000655,0.000000,0.001984,0.000000,0.000000,0.000000,0.000000,0.000000,0.000000,0.000000,-0.008107,0.064772,0.012807,0.000000,0.000000,-0.008385,0.057995,0.173501,0.012825,0.043558,0.010157
26152.483017,split,tool_wrist,tool_tip,follow,blend,local-angle,z,y,z,0.001729,0.020659,-0.114558,-0.248696,0.011618,0.338022,-0.248690,0.012297,0.338170,0.000695,0.002678,0.177902,0.173501,0.004402,-0.000655,0.000000,0.001984,0.000000,0.000000,0.000000,0.000000,0.000000,0.000000,0.000000,-0.008107,0.075845,0.012814,0.000000,0.000000,-0.008385,0.095781,0.173501,0.012825,0.045879,0.010157
26152.563343,split,tool_wrist,tool_tip,follow,blend,local-angle,z,y,z,0.001726,0.020661,-0.114567,-0.248698,0.011619,0.338018,-0.248689,0.010616,0.338050,0.001003,0.002882,0.177902,0.173501,0.004402,-0.000655,0.000000,0.001984,0.000000,0.000000,0.000000,0.000000,0.000000,0.000000,0.000000,-0.008107,0.065465,0.012820,0.000000,0.000000,-0.008385,0.054364,0.173501,0.012825,0.042167,0.010157
26152.643768,split,tool_wrist,tool_tip,follow,blend,local-angle,z,y,z,0.001726,0.020661,-0.114567,-0.248698,0.011619,0.338018,-0.248690,0.012836,0.338210,0.001232,0.002447,0.177903,0.173501,0.004403,-0.000655,0.000000,0.001984,0.000000,0.000000,0.000000,0.000000,0.000000,0.000000,0.000000,-0.008107,0.079176,0.012822,0.000000,0.000000,-0.008385,0.080609,0.173501,0.012825,0.040253,0.010157
26152.725015,split,tool_wrist,tool_tip,follow,blend,local-angle,z,y,z,0.001723,0.020663,-0.114575,-0.248698,0.011620,0.338017,-0.248690,0.012645,0.338196,0.001041,0.000759,0.177903,0.173501,0.004403,-0.000655,0.000000,0.001984,0.000000,0.000000,0.000000,0.000000,0.000000,0.000000,0.000000,-0.008107,0.077996,0.012823,0.000000,0.000000,-0.008385,0.062348,0.173501,0.012825,0.036903,0.010157
